Client Name,Lobbyist Trading Name
2nd Change Fundraising Program,Colleen Forrester & Associates
3 Com,Chikarovski & Associates Pty Ltd
7-Eleven Stores Pty Ltd,Edelman
A2 Dairy Products Australia,Res Publica Pty Ltd
A4e,Parker & Partners Public Affairs
AA Crown Holdings Pty Ltd,Margaret Fisher & Associates
ABB Grain Ltd / Joe White Maltings,Government Relations Australia Advisory Pty Ltd
ABN AMRO,Kreab Gavin Anderson
ACCIONA Energy,Government Relations Australia Advisory Pty Ltd
ACCIONA Group,Government Relations Australia Advisory Pty Ltd
ACL Pty Ltd,Hawker Britton Group
ACM Group,CPR Communications & Public Relations Pty Ltd
AFL (NSW/ACT),TJM Consulting
AFUW-Q,Colleen Forrester & Associates
AGL,MacGregor Public Relations
AGL Energy Limited,Government Relations Australia Advisory Pty Ltd
AGL Gas Production (Camden) Pty Ltd,Peter Anderson & Co Pty Ltd
AGM Constructions Pty Ltd,Doyle Cunningham & Associates
AHL,Chikarovski & Associates Pty Ltd
AICD,Kreab Gavin Anderson
AMP CSC,Bluegrass Consulting
AMP Limited,Hawker Britton Group
AMPAG,Statecraft
ANZ Limited,John Connolly & Partners
APA Group,Hawker Britton Group
APHA,Kreab Gavin Anderson
APMG - Australia,Kreab Gavin Anderson
ATM Industry Reference Group,Kreab Gavin Anderson
AVJennings,CPR Communications & Public Relations Pty Ltd
Abigroup Contractors Pty Limited,Hawker Britton Group
Aboriginal Health College,CPR Communications & Public Relations Pty Ltd
Accenture,Profile Ray & Berndtson
Accenture Australia,CPR Communications & Public Relations Pty Ltd
Access Testing Pty Ltd,Hawker Britton Group
Accor Advantage Plus,Brian Dale & Partners
Acoustica Australia,Philippine Commerce and Trade Advisory Service
Active Group of Companies,CPR Communications & Public Relations Pty Ltd
Adelaide Equity Partners Ltd,GR Solutions
Adults Surviving Child Abuse,Government Relations Australia Advisory Pty Ltd
Advance – Global Australians. Global Networks,Hawker Britton Group
Air New Zealand,CPR Communications & Public Relations Pty Ltd
Air and Mine Equipment Institute of Australasia,The Fifth Estate
Airport Motorway Limited,Transurban
Airportlink Company,Salmon Communications
Airwave Solutions Australia,Government Relations Australia Advisory Pty Ltd
Alba Capital Partners,Government Relations Australia Advisory Pty Ltd
All Recruiting Services Pty Ltd,Herbert Geer
Allergan Australia,Government Relations Australia Advisory Pty Ltd
Ally Group Pty Ltd,Hawker Britton Group
Almona Pty Ltd,Herbert Geer
Altrinsic Global Advisors,Ambassador Funds Management Services
American Express,Republic Consulting
Anglican Church,Health Properties Project Marketing
Anglican Retirement Villages,Brian Dale & Partners
Angus Knight,Edelman
Ansaldo - STS,The Agenda Group NSW
Apple,Kreab Gavin Anderson
Ardill Payne & Partners,Margaret Fisher & Associates
Are You OK? Day,Hawker Britton Group
Area E Landowners Group,Hawker Britton Group
Aristocrat Technologies,Hawker Britton Group
Armaguard,Endeavour Consulting Group Pty Ltd
Ashington,Wilkinson Media
Aspen Medical,Hawker Britton Group
Association of Australian Medical Research Institutes (AAMRI),Carney Associates
Association of Independent Schools NSW,Hawker Britton Group
Astra Zeneca Pty Ltd,Profile Ray & Berndtson
AstraZeneca,Parker & Partners Public Affairs
Atlantis,Touchpoint Australia
Ausbiotech,DatelineMedia Group Pty Ltd
Ausra Pty Ltd,DatelineMedia Group Pty Ltd
Ausra Pty Ltd,Wayne Smith
Austar Coal Mine,FordComm Consulting Pty Ltd
Austar Coal Mine Pty Ltd,The Fifth Estate
Austech Institute for Further Education,Chikarovski & Associates Pty Ltd
Austmark Properties No. 3 Pty Ltd,Herbert Geer
Australand,Statecraft
Australasian College of Cosmetic Surgery,Advise
Australasian Regional Association of Zoos and Aquaria,AegisConsultingAustralia Pty Ltd
Australia Pacific Touring Pty Ltd,AegisConsultingAustralia Pty Ltd
Australia Post,Hawker Britton Group
Australia-Taiwan Business Council,Leisure Solutions®
Australian Associated Press,Richardson Coutts Pty Ltd
Australian Association of National Advertisers (AANA),Res Publica Pty Ltd
Australian Bookmakers Association,Peter Fletcher
Australian Capital Equity,LESL Services Pty Limited
Australian Children’s Music Foundation,Statecraft
Australian Council for Private Education and Training,Wilkinson Media
Australian Council of Recyclers,CPR Communications & Public Relations Pty Ltd
Australian Council of Recyclers,Hawker Britton Group
Australian Egg Corporation,Kreab Gavin Anderson
Australian Geoparks Network,Leisure Solutions®
Australian Home Heating Association Inc,David Utting Communications
Australian Hotels Association,CMW Media Pty Ltd
Australian Institute Applied Science,Open Door Consulting
Australian Institute of Company Directors,Parker & Partners Public Affairs
Australian Jockeys Association,Essential Media Communications
Australian LPG Association Ltd,Wilkinson Media
Australian Landfill Owners Association,Parker & Partners Public Affairs
Australian Lung Foundation,Burson-Marsteller
Australian Motor Sport Foundation Ltd,Endeavour Consulting Group Pty Ltd
Australian Music Association,CPR Communications & Public Relations Pty Ltd
Australian Newsagents Federation,Forbes Shardlow Pty Ltd
Australian Nursing Federation,CPR Communications & Public Relations Pty Ltd
Australian Payments Clearing Association,John Connolly & Partners
Australian Portable Buildings,Hawker Britton Group
Australian Publishers Association,Hawker Britton Group
Australian Racing Drivers Club Limited,Hawker Britton Group
Australian Rail Track Corporation,Brian Dale & Partners
Australian Rain Corp,Australian Public Affairs Ltd Partnership
Australian Rain Corporation Pty Ltd,The Fifth Estate
Australian Rugby League,Enhance Corporate
Australian Salary Medical Officers Federation,Essential Media Communications
Australian Self Medication Industry,Foresight Communications
Australian Services Union,Essential Media Communications
Australian Steel Institute,Kreab Gavin Anderson
Australian Tamil Congress,Australian Public Affairs Ltd Partnership
Australian Waste Oil Refineries,Repute Communications & Associates Pty Ltd
Australian Water Holdings,Jackson Wells Pty Ltd
Australian and International Pilots Association,Essential Media Communications
BBPP Ltd,Kreab Gavin Anderson
BG Group,Government Relations Australia Advisory Pty Ltd
BHIG Project,Touchpoint Australia
BHP Billiton,Richardson Coutts Pty Ltd
BHP Billiton Ltd,John Connolly & Partners
BOC South Pacific,Primary Communication
BRGOC Wastenergy Pty Ltd,CPR Communications & Public Relations Pty Ltd
Baileys Marine Fuels Australia,Hawker Britton Group
Bamboo,Touchpoint Australia
Barrick Gold,Hawker Britton Group
Barrick Gold Australia Pacific,Repute Communications & Associates Pty Ltd
Baseplan Software Pty Limited,Forbes Shardlow Pty Ltd
Bass & Flinders Ferries,CMW Media Pty Ltd
Bayer Schering Pharma,CPR Communications & Public Relations Pty Ltd
Beach Petroleum Ltd,GR Solutions
Bell Shakespeare,Parker & Partners Public Affairs
Bellevue Hill Public Scholl P&C,Hawker Britton Group
Belongil Preservation Society,Kreab Gavin Anderson
Benchmark Australia,Enhance Corporate
Berowra Waters Marina P/L,Graham Richardson
Betfair Australia,Government Relations Australia Advisory Pty Ltd
Better Place Australia,Kreab Gavin Anderson
Bickham Coal,Repute Communications & Associates Pty Ltd
Bilfinger Berger Project Investments Pty Ltd,Government Relations Australia Advisory Pty Ltd
Bilfinger Berger Services,Profile Ray & Berndtson
Bilfinger Berger Services (Aust) Pty Ltd,Government Relations Australia Advisory Pty Ltd
Billnudgel Property Trust,Hawker Britton Group
Bio Power Systems,Ally Group
Biotronik Australia Pty Ltd,Bramex Pty Ltd
Biotronik GmbH (Germany),Bramex Pty Ltd
Blacktown Property Investments Pty Ltd,Enhance Corporate
Bloomfield Collieries,Richardson Coutts Pty Ltd
Blue Line Cruises,AegisConsultingAustralia Pty Ltd
BlueMaxx,AusAccess Pty Ltd
BlueScope Steel,Kreab Gavin Anderson
Bluegrass Consulting,Ally Group
Bombardier Transportation Australia,Hawker Britton Group
Boral Development,CPR Communications & Public Relations Pty Ltd
Boral Timber,The Fifth Estate
Boveri Defence Systems,Richardson Coutts Pty Ltd
Bowport Allroads Transport,John Durst Consulting
Bradcorp,Graham Richardson
Brain and Mind Research Institute,Hawker Britton Group
Breen Holdings Ltd.,Statecraft
Brian Russell Group of Companies (BRGOC),CPR Communications & Public Relations Pty Ltd
Bridge Business College,Salmon Communications
Bright Blue Solutions,Richardson Coutts Pty Ltd
Brisbane Airport Corporation,CPR Communications & Public Relations Pty Ltd
Bristol-Myers Squibb,Parker & Partners Public Affairs
Broadcast Australia,Government Relations Australia Advisory Pty Ltd
Broadlex Services Pty Ltd,Hawker Britton Group
Brookfield Multiplex,CPR Communications & Public Relations Pty Ltd
Brookfield Multiplex Ltd,TITFA Consultancy Pty Ltd
Buildev Group,Sciaccas Lawyers and Consultants
Buildev Group,David Simmons Corporate Communications
Bulklink,The Fifth Estate
Bunnings Group Limited,Hawker Britton Group
Burke Urban Developments Pty Ltd,GR Solutions
Business for Millenium Development,The Fifth Estate
C & G Burns,Scott Taylor Communication
C and G Burns,FT Communications
CSC Australia,The Agenda Group NSW
CSL Limited,Parker & Partners Public Affairs
CSR,Endeavour Consulting Group Pty Ltd
Cabcharge Australia,Australian Public Affairs Ltd Partnership
Cabcharge Australia Ltd,Brian Dale & Partners
Cambridge International College Pty Ltd,Government Relations Australia Advisory Pty Ltd
Campaign & Elections Politics Magazine,Springboard Australia Pty Ltd
Campbell Arnott's,Public Affairs Network
Canadian Pension Plan Investment Board,Hawker Britton Group
Canberra Estates Consortium No 4,Endeavour Consulting Group Pty Ltd
Canberra Estates Consortium No. 4 Pty Ltd,Hawker Britton Group
Cancer Council (NSW),Hill & Knowlton
Capital Airport Group,Government Relations Australia Advisory Pty Ltd
Capital C Consulting,Ally Group
Capital Investment Group,Keating Consulting
Captain Cook Cruises,AegisConsultingAustralia Pty Ltd
Captain Cook Cruises,Brian Dale & Partners
Carbon Road,Chikarovski & Associates Pty Ltd
Carbon Strategic Australia Pty Ltd,Hawker Britton Group
Carlingford Developments,CRAKYL Pty Ltd
Carnegie Corporation,David Utting Communications
Carnival,Kreab Gavin Anderson
Carriage Works Limited,Hawker Britton Group
Carrick Education,Kreab Gavin Anderson
Carrick Institute of Education Pty Ltd,Government Relations Australia Advisory Pty Ltd
Catholic Archdiocese of Sydney,Margaret Fisher & Associates
Catylis Properties,Edelman
Cemex Australia Pty Ltd,Peter Anderson & Co Pty Ltd
Centenary Capital Partners Pty Ltd,Chikarovski & Associates Pty Ltd
Centennial Park and Moore Park Trust,Brian Dale & Partners
Central Darling Shire,Sefiani Communications Group
Central Sydney GP Network,Public Affairs Network
Centrebet International,Peter Fletcher
Century Venues,Hawker Britton Group
Ceramic Fuel Cells Limited,Government Relations Australia Advisory Pty Ltd
Chandler McLeod Group,John Connolly & Partners
Charlemagne Capital,Ambassador Funds Management Services
Chartered Secretaries Australia Limited,Hawker Britton Group
Chi X,Wilkinson Media
Chi-X,Springboard Australia Pty Ltd
Chiropractors' Association of Australia (New South Wales),MacGregor Public Relations
Christmas Island Phosphatesq,Endeavour Consulting Group Pty Ltd
Cisco Systems Inc,Enhance Corporate
City West Property Holdings Pty Ltd,Endeavour Consulting Group Pty Ltd
Clean Energy Council,Wilkinson Media
Clean Up Australia,Essential Media Communications
Cleary Bros,Repute Communications & Associates Pty Ltd
Clemenger BBDO,Government Relations Australia Advisory Pty Ltd
Clive Goodwin,Illawarra Regional Development Group
Coalworks,Hawker Britton Group
Coca-Cola Amatil,Touchpoint Australia
Cocoon Dafa Pty Ltd,FT Communications
Codlea Pty Ltd,Hawker Britton Group
Cogent Energy,CPR Communications & Public Relations Pty Ltd
Cohen and Steers,Ambassador Funds Management Services
Colan Australia,Lighthouse Communications Group
Coles Supermarkets Australia Pty Ltd,Statecraft
ComfortDelGro Cabcharge,Australian Public Affairs Ltd Partnership
Commercial Hospital Operators Australia,Parker & Partners Public Affairs
Commonwealth Bank,CPR Communications & Public Relations Pty Ltd
Company B (Belvoir Street Theatre),Hawker Britton Group
Compass Group Australia,CPR Communications & Public Relations Pty Ltd
Compressed Air Association of Australasia,The Fifth Estate
Computershare,CPR Communications & Public Relations Pty Ltd
Coniston Investments,Hawker Britton Group
Connectland,Government Relations Australia Advisory Pty Ltd
Connectland Pty Ltd,Scott & Beaumont Pty Ltd
Connector Motorways Group,Parker & Partners Public Affairs
Cons Prop Pty Ltd (Consolidated Properties),TITFA Consultancy Pty Ltd
Consolidated Properties,Keating Consulting
"Construction, Forestry, Mining and Energy Union",Essential Media Communications
Contact Centres Australia,Hawker Britton Group
Coolomon Shire Council,John Durst Consulting
Cooperative Research Centre for Aboriginal Health,CPR Communications & Public Relations Pty Ltd
Corporate Public Affairs,NeatCorp Pty Ltd
Corrs Chambers Westgarth,Hawker Britton Group
Corrs Chambers Westgrath,Government Relations Australia Advisory Pty Ltd
Cosmetic Physicians Society of Australasia (CSPA),Res Publica Pty Ltd
Country Energy,John Connolly & Partners
Country Group,Scott & Beaumont Pty Ltd
Country Taxi Operators Association of NSW,Australian Public Affairs Ltd Partnership
County Property Group,Repute Communications & Associates Pty Ltd
Cove Sports Club,Touchpoint Australia
Covidien Pty Ltd,Australian Public Affairs Ltd Partnership
CropLife,CPR Communications & Public Relations Pty Ltd
Cross City Motorway,Kreab Gavin Anderson
Cubic Corporation,MacGregor Public Relations
Cumberland Industries (Administrator Appointed),Bluegrass Consulting
Customer Service Institute of Australia,Hawker Britton Group
DBL Property,FT Communications
DBL Property,Scott Taylor Communication
DIIRD - Victorian Government,Carney Associates
DP World,Statecraft
DP World Australia Ltd,Hawker Britton Group
DSICA,Statecraft
Daracon,Repute Communications & Associates Pty Ltd
Darley,Parker & Partners Public Affairs
David Jones Ltd,Hawker Britton Group
Day of Difference Foundation,Wilkinson Media
Deacons,Richardson Coutts Pty Ltd
Deakin Prime,Carney Associates
Deakin University,Carney Associates
Dell,Jackson Wells Pty Ltd
Delmo Albion Park,Scott Taylor Communication
Delphi,Hill & Knowlton
Diabetes Support Services Pty Ltd,AegisConsultingAustralia Pty Ltd
Diageo Australia,Hawker Britton Group
Dialog Group,Hawker Britton Group
Dimension Data,Cox Inall Communications Pty Ltd
Dimension Data,Statecraft
Dincel Construction System Pty Ltd,Enhance Corporate
Donaldson Coal,Springboard Australia Pty Ltd
Donaldson Coal Ltd,Margaret Fisher & Associates
Downer EDI Ltd,Government Relations Australia Advisory Pty Ltd
Dr David Huber,Hawker Britton Group
Dubai Holdings,Parker & Partners Public Affairs
Duncan Solutions Pty Ltd,Hawker Britton Group
Dungog Shire Council,Peterkin Consulting
Dusseldorp Skills Forum,Foresight Communications
Dymocks,Richardson Coutts Pty Ltd
EDS,Parker & Partners Public Affairs
EDS,Parker & Partners Public Affairs
ERM Power,SAS Group
ERM Power Pty Ltd,Hawker Britton Group
Eastern Nomad Buildings,Fowlstone Communications
Eastern Suburbs Memorial Park,Herbert Geer
Easy Being Green,Wilkinson Media
Ecosave,Australian Public Affairs Ltd Partnership
Education Access (Australia) Pty Ltd,Government Relations Australia Advisory Pty Ltd
Electrical and Communications Association (Qld),Sciaccas Lawyers and Consultants
Emirates Airline,Parker & Partners Public Affairs
Emirates Group,Parker & Partners Public Affairs
Emirates Hotels & Resorts,Parker & Partners Public Affairs
Energy Developments Limited,Cosway Australia
Energy Resources Australia Ltd,Endeavour Consulting Group Pty Ltd
Energy Retailers Association,Repute Communications & Associates Pty Ltd
Enhance Management Pty Ltd,Enhance Corporate
Envirogen,Kreab Gavin Anderson
Epilepsy Action Australia,Statecraft
Epuron Pty Ltd,Australian Public Affairs Ltd Partnership
Ericsson,AusAccess Pty Ltd
Ethanol Technologies Pty Ltd,The Fifth Estate
Etihad Airways,Edelman
Exodus Foundation,Hawker Britton Group
Fernhill Estate,Keating Consulting
Fitness Australia,Res Publica Pty Ltd
Flagship Property,LESL Services Pty Limited
Fletcher Building,Cosway Australia
Foodfund Australia,Robert Tunchon & Associates Pty Ltd
Foodfund Foundation,Robert Tunchon & Associates Pty Ltd
Fortius Funds Management Pty Ltd,Profile Ray & Berndtson
Franklins,Scott Taylor Communication
Free Fair Trade Philippines,Philippine Commerce and Trade Advisory Service
Fujitsu Australia,Hawker Britton Group
Fulton Hogan,Government Relations Australia Advisory Pty Ltd
Future Materials,Leisure Solutions®
GE Corporate Australia,CPR Communications & Public Relations Pty Ltd
GE Energy Australia,CPR Communications & Public Relations Pty Ltd
GE Healthcare Australia,CPR Communications & Public Relations Pty Ltd
GMW Urban,Richardson Coutts Pty Ltd
GPT,Bluegrass Consulting
GTECH Corporation,CPR Communications & Public Relations Pty Ltd
GTL Energy Ltd,GR Solutions
Gaming Technologies Association (GTA),Bluegrass Consulting
Gandangara Local Aboriginal Land Council,Herbert Geer
Gasparin Group Pty Ltd,GR Solutions
Gazcorp,Wilkinson Media
General Dynamics,Profile Ray & Berndtson
Genworth Finance,Hawker Britton Group
Geodynamics Ltd,Government Relations Australia Advisory Pty Ltd
GetUp,Essential Media Communications
Gibbens Industries,CRAKYL Pty Ltd
GlaxoSmithKline,AusAccess Pty Ltd
Global Defence Industries,AusAccess Pty Ltd
Global Renewable Eastern Creek,Profile Ray & Berndtson
Global Renewables,TJM Consulting
Gloucester Resources Limited,FD Third Person Pty Ltd
Gosford City Council,Saunders-McDermott Consulting
Gradex Pty Ltd,Margaret Fisher & Associates
Green Cross,Republic Consulting
Greyhound Racing NSW,Government Relations Australia Advisory Pty Ltd
Grocon Pty Ltd,Profile Ray & Berndtson
Group Training Australia,Foresight Communications
Grow Green,Open Door Consulting
Gtech,FD Third Person Pty Ltd
Guardian Foundation,Graham Richardson
HAS Global,Hawker Britton Group
HBOS Australia,Parker & Partners Public Affairs
Habitat for Humanity,Government Relations Australia Advisory Pty Ltd
Hammond Care Group,N/A
HammondCare,Australian Public Affairs Ltd Partnership
Harbour City Metro,Government Relations Australia Advisory Pty Ltd
Hardie Holdings,Graham Richardson
Hasbro,Hill & Knowlton
Hawkize,Hawker Britton Group
HealthStaff Ed,CPR Communications & Public Relations Pty Ltd
Henry Davis York,The Agenda Group NSW
Hewlett-Packard,Burson-Marsteller
Hilltop Residents Action Group,Hawker Britton Group
Hindmarsh,AusAccess Pty Ltd
Holmes Institute Pty Ltd,Government Relations Australia Advisory Pty Ltd
Hong Kong Economic and Trade Office,Hawker Britton Group
Housing Services Australia,Keating Consulting
Huawei,Burson-Marsteller
Human,Hawker Britton Group
Hunter Economic Zone,Foresight Communications
Hunter Imaging Group,FordComm Consulting Pty Ltd
Hunter Pacific Executive,Hawker Britton Group
Hunter Radiology,Endeavour Consulting Group Pty Ltd
Hutchison 3G Australia Ltd,Endeavour Consulting Group Pty Ltd
Hutchison Ports Investments,Hawker Britton Group
Hydro Aluminium Kurri Kurri,FordComm Consulting Pty Ltd
IFC Capital,Keating Consulting
IGA Distribution,Profile Ray & Berndtson
ING Australia Ltd,John Connolly & Partners
INSEAD,Republic Consulting
IQRA Grammar College,TJM Consulting
ISPT Pty Ltd,Hawker Britton Group
ISS Australia,Endeavour Consulting Group Pty Ltd
ISS Facility Services,The Zamovet Consultancy
IVF Directors Group,Forbes Shardlow Pty Ltd
Ikaria,Ogilvy PR Health
Illawarra Country Club & Golf Resort,Hawker Britton Group
Ilum-a-lite,MacGregor Public Relations
Imperial Tobacco,Jackson Wells Pty Ltd
InSinkErator,Hill & Knowlton
Incitec Pivot,Manidis Roberts
Incitec Pivot Pty Ltd,Endeavour Consulting Group Pty Ltd
Independent Cement Ltd,David Simmons Corporate Communications
Independent Rail,John Durst Consulting
Independent Rail/Road,John Durst Consulting
Independent Rehabilitation Suppliers Association,The Agenda Group NSW
Independent Retailers of NSW and ACT,CPR Communications & Public Relations Pty Ltd
Independent Transport Group,John Durst Consulting
Indue,Sciaccas Lawyers and Consultants
IndyGroup,John Durst Consulting
Infratex Philippines,Philippine Commerce and Trade Advisory Service
Innova Soil Technology,FordComm Consulting Pty Ltd
Instinet,Wilkinson Media
Insulation Express Pty Ltd,AegisConsultingAustralia Pty Ltd
Insurance Council of Australia,Jackson Wells Pty Ltd
Insurance Council of Australia Limited,Hawker Britton Group
Intelsat Corporation and Intelsat Subsidiary Corporations,Bramex Pty Ltd
InterGen Australia,Colleen Forrester & Associates
Interactive Games & Entertainment Association Ltd,Enhance Corporate
Interactive Gaming Council,Hill & Knowlton
Intergraph,Richardson Coutts Pty Ltd
Interlink Roads,Kreab Gavin Anderson
Interlink Roads Pty Limited,Transurban
International College of Management,Hawker Britton Group
Internet Corporation for Assigned Names and Numbers (ICANN),Hill & Knowlton
Investment and Financial Services Association,Richardson Coutts Pty Ltd
Iplex Pipelines,Repute Communications & Associates Pty Ltd
Iplex Pipelines Australia,Enhance Corporate
Iridium Satellite LLC and Iridium Subsidiary Corporations,Bramex Pty Ltd
JackGreen,Wilkinson Media
Jagermeister,Richardson Coutts Pty Ltd
Janssen-Cilag Pty Ltd,Government Relations Australia Advisory Pty Ltd
Jobfind Centre Australia,Edelman
Jobsupport Inc,Enhance Corporate
Johnston Property Group,Salmon Communications
Joseph Mourched,Herbert Geer
KCI-Medical,David Simmons Corporate Communications
KPMG,RJ Carr Pty Ltd
Kelly Services,Foresight Communications
Kingspan Insulated Panels Pty Ltd,CPR Communications & Public Relations Pty Ltd
Knauf Insulation,Hawker Britton Group
Koppers Australia,Scott & Beaumont Pty Ltd
KordaMentha,John Connolly & Partners
L.E.K. Consulting,Government Relations Australia Advisory Pty Ltd
LIXI Limited,Reputation Pty Ltd
La Vie Developments Pty Limited,Illawarra Regional Development Group
Lance Armstrong Foundation,Parker & Partners Public Affairs
Landcom,NeatCorp Pty Ltd
Landmark Leisure Group Pty Ltd,Enhance Corporate
Larodan Pty Ltd,TJM Consulting
Law Society of NSW,Enhance Corporate
Leading Edge Group,Bluegrass Consulting
Leagues Clubs Australia,CPR Communications & Public Relations Pty Ltd
Leighton Contractors,Kreab Gavin Anderson
Leighton Contractors,shac Communications
Leighton Holdings Ltd,John Connolly & Partners
Leisure Brothers Management Group,Rowland Pty Ltd
Lend Lease,Enhance Corporate
Lend Lease Corporation Limited,Hawker Britton Group
Life Education Australia,Hawker Britton Group
Lifehouse at RPA,Kreab Gavin Anderson
Lindsay Bennelong Developments,Herbert Geer
Linfox,Endeavour Consulting Group Pty Ltd
Linfox Australia Pty Ltd,Forbes Shardlow Pty Ltd
Linfox Pty Ltd,Forbes Shardlow Pty Ltd
Link Communications Corporation Pty Ltd,Bramex Pty Ltd
Lion Nathan,Res Publica Pty Ltd
Lions Australia,Republic Consulting
Live Payments,CPR Communications & Public Relations Pty Ltd
Live Performance Australia,DatelineMedia Group Pty Ltd
Logica Australia Pty Ltd,Hawker Britton Group
Lowy Institute,Scott Taylor Communication
Lucas Property Group,Scott Taylor Communication
Luna Media,Republic Consulting
Luxottica,Sefiani Communications Group
MBIA Inc.,John Connolly & Partners
MBIA Insurance Corporation,Hawker Britton Group
MOSS,Edelman
MTAA Superannuation Fund Pty Ltd,Endeavour Consulting Group Pty Ltd
Macarthur Intermodal Shipping Terminal,John Durst Consulting
Macmahon Contractors,Profile Ray & Berndtson
Macquarie Capital Alliance Group,Macquarie Group Limited
Macquarie Equipment Finance,Statecraft
Macquarie Generation,Colleen Forrester & Associates
Macquarie Group Limited,Hawker Britton Group
Macquarie Group Limited,RJ Carr Pty Ltd
Macquarie Group Limited,Profile Ray & Berndtson
Macquarie Group Ltd,Richardson Coutts Pty Ltd
Macquarie Media Group,Macquarie Group Limited
Macquarie Southern Cross Media Pty Ltd,Macquarie Group Limited
Mallesons Stephen Jaques,RJ Carr Pty Ltd
Manidis Roberts,Profile Ray & Berndtson
Manildra Group,Sciaccas Lawyers and Consultants
Manns Homeworld,CRAKYL Pty Ltd
Maritime Union of Australia,CPR Communications & Public Relations Pty Ltd
Mars,Kreab Gavin Anderson
Martinique Constructions Pty Ltd,Edelman
Master Builders NSW,Wilkinson Media
Matcove Pty Limited,Herbert Geer
Maton Investments Pty Ltd,GR Solutions
Matthew Talbot Hostel,Scott Taylor Communication
Maunsell/ AECOM,Government Relations Australia Advisory Pty Ltd
Mawson Medical Centre,Health Properties Project Marketing
Maximus Resources Ltd,GR Solutions
Maxxia Pty Ltd,Profile Ray & Berndtson
McAfee,Hill & Knowlton
McDonalds Australia,Scott Taylor Communication
McKesson Asia Pacific,Hawker Britton Group
McKinsey and Company,Richardson Coutts Pty Ltd
McMillian Shakespeare,Enhance Corporate
Media Monitors,Hawker Britton Group
"Medical Staff Council, Royal North Shore Hospital",Hawker Britton Group
Medich Property Holdings,Graham Richardson
Mega Uranium Ltd,Endeavour Consulting Group Pty Ltd
Memo Corporation,Hawker Britton Group
Merivale,Hawker Britton Group
Metcash Trading Limited,Profile Ray & Berndtson
Metro Transport Sydney,Hawker Britton Group
Mick Young Scholarship Trust,Foresight Communications
Microbiogen Pty Ltd,Res Publica Pty Ltd
Miller and Associates Insurance and Broking,CPR Communications & Public Relations Pty Ltd
Mincom,AusAccess Pty Ltd
Mincom Limited,Enhance Corporate
Mining Industry Skills Centre,Colleen Forrester & Associates
Minorplanet,Parker & Partners Public Affairs
Minter Ellison Lawyers,LESL Services Pty Limited
Mirabel Foundation,Government Relations Australia Advisory Pty Ltd
Mitsubishi Motors Australia Limited,Government Relations Australia Advisory Pty Ltd
Modern Solar,Wilkinson Media
Mogaz Pty Ltd,Hawker Britton Group
Molonglo Group,Ally Group
Monarch Investment Group of Companies,TJM Consulting
Monash University,Forbes Shardlow Pty Ltd
Mondell Properties,FordComm Consulting Pty Ltd
Morgan and Banks Investments,Hawker Britton Group
Mortgage Choice,Reputation Pty Ltd
Motor Traders’ Association of NSW,Hawker Britton Group
Motorola Australia Pty Ltd,Bramex Pty Ltd
Motorola Australia Pty Ltd,Hawker Britton Group
Muru Mittigar Aboriginal Cultural and Education Centre,Chikarovski & Associates Pty Ltd
Muscle Sprouts,David Sheil
Museum of Contemporary Art,Hawker Britton Group
N/A,Pacific Rim Australasia Pty Ltd
NIB Health Funds Ltd,NeatCorp Pty Ltd
NIDC,Hill & Knowlton
NRMA Motoring and Services,Kreab Gavin Anderson
NSW Bookmaker Co-operative Ltd,Peter Fletcher
NSW Business Chamber,Parker & Partners Public Affairs
NSW Council for Intellectual Disability,Hawker Britton Group
NSW Harness Racing Club,Scott Taylor Communication
NSW Taxi Council,Australian Public Affairs Ltd Partnership
NSW Taxi Industry Association,Australian Public Affairs Ltd Partnership
NatRoad Ltd,Kreab Gavin Anderson
National Association of Obstetricians and Gynaecologists,Forbes Shardlow Pty Ltd
National Ceramic Industries Aust. Pty Ltd,Graham Richardson
National Farmers Federation,David Sheil
National Generators Forum,Colleen Forrester & Associates
National Rugby League,Enhance Corporate
Navitas,Hawker Britton Group
Nestle,Parker & Partners Public Affairs
Nestle,Parker & Partners Public Affairs
New England Trading Pty Ltd,David Simmons Corporate Communications
Newcastle Coal Infrastructure Group,Government Relations Australia Advisory Pty Ltd
Newcastle Infrastructure Group,Margaret Fisher & Associates
Newnes Kaolin Pty Ltd,The Fifth Estate
Newsagents Association of New South Wales (NANA),SR7
Nib,Res Publica Pty Ltd
Nippon Paper Group,Parker & Partners Public Affairs
Nordiko Quarantine Systems Pty Ltd,Endeavour Consulting Group Pty Ltd
North Shore Bridge Club,Touchpoint Australia
North West Transport Hub,Wilkinson Media
Northgate Public Services,Hawker Britton Group
Norwood Park,John Durst Consulting
Novotech,DatelineMedia Group Pty Ltd
Nutricia,Hill & Knowlton
Oceanlinx Limited,Chikarovski & Associates Pty Ltd
Ochre Health,Springboard Australia Pty Ltd
Octapharma Australia Pty Ltd,Carney Associates
Octec Incorporated,David Simmons Corporate Communications
Office Brands,CPR Communications & Public Relations Pty Ltd
Omnilink,Ally Group
One Hundred,CMW Media Pty Ltd
One at a Time Foundation,Edelman
OneSteel,Kreab Gavin Anderson
Ontario Teachers’ Pension Plan Board,Hawker Britton Group
Ooh! Media,Lighthouse Communications Group
Optim Legal,DatelineMedia Group Pty Ltd
Optometrists Association NSW,TJM Consulting
Oracle Australia,Hawker Britton Group
Origin Energy,Parker & Partners Public Affairs
Otto Bock Australia,The Agenda Group NSW
Outback Highway Development Council,Carney Associates
Outdoor Media Association,CPR Communications & Public Relations Pty Ltd
Owston Nominees No. 2 Pty Ltd,Keating Consulting
Oxford Street Pty Ltd,Chikarovski & Associates Pty Ltd
P&O Automotive & General Stevedoring Pty Ltd,Kreab Gavin Anderson
PPB,Profile Ray & Berndtson
Paddington Bowling Club Limited,Enhance Corporate
Park Mobile International (Australia) Pty Ltd,Chikarovski & Associates Pty Ltd
Parking Operators Association,Primary Communication
Parnell,CPR Communications & Public Relations Pty Ltd
Patrick,Richardson Coutts Pty Ltd
Payce Developments Ltd,Margaret Fisher & Associates
Peabody Energy Australia,Government Relations Australia Advisory Pty Ltd
Peach Advertising Pty Ltd,Hawker Britton Group
Pearl Consortium,MacGregor Public Relations
Peet Alkinios Pty Ltd,Endeavour Consulting Group Pty Ltd
Perfectflow Technology Pty Ltd,Enhance Corporate
Perilya Pty Ltd,Doyle Cunningham & Associates
Pet Industry Association of Australia,Kreab Gavin Anderson
Peter Davies,Illawarra Regional Development Group
Philips,Reputation Pty Ltd
Philon,Health Properties Project Marketing
Plenary Group,Richardson Coutts Pty Ltd
Police Association NSW,Essential Media Communications
Polycom Australia,AusAccess Pty Ltd
Port Kembla Copper Pty Ltd,The Fifth Estate
Port Waratah Coal Services,Repute Communications & Associates Pty Ltd
Power Group of Companies,Government Relations Australia Advisory Pty Ltd
Power Tools Association of Australasia,The Fifth Estate
Pratt Holdings Pty Ltd,The Fifth Estate
Precision Group of Companies Pty Ltd,Hawker Britton Group
Presbyterian Church of NSW,Health Properties Project Marketing
Presfloat Pty Limited,Herbert Geer
PriceWaterhouse Coopers,Hawker Britton Group
Prince of Wales Medical Research Institute,Lighthouse Communications Group
Promethean Ltd,AusAccess Pty Ltd
Prospect Aquatic Investments,Cosway Australia
Prospect Aquatic Investments Pty Ltd,Herbert Geer
Public Services Association,Essential Media Communications
QHGP Pty Ltd,TITFA Consultancy Pty Ltd
QMDC,Clean Waters Model
QR Limited,Hawker Britton Group
Qenos,Enhance Corporate
Qualcomm,Burson-Marsteller
Quantum Multimedia Communications Pty Ltd,Bramex Pty Ltd
Queensland Investment Corporation,John Connolly & Partners
Queensland University of Technology,AusAccess Pty Ltd
R.M. Constructions Pty Ltd,Graham Richardson
RAMROC,Endeavour Consulting Group Pty Ltd
RBS Australia Pty Ltd,Government Relations Australia Advisory Pty Ltd
REH,David Utting Communications
RYDA,Primary Communication
Rail Tram and Bus Union,Essential Media Communications
Ramsay Holdings,Kreab Gavin Anderson
Ramsay Property Group,Scott Taylor Communication
Ready Trace Inc,Clough Consulting Services Pty Ltd
Reconciliation Australia,CPR Communications & Public Relations Pty Ltd
Recoveries and Reconstruction (Australia),LESL Services Pty Limited
Recruitment and Consulting Services Organisation,AusAccess Pty Ltd
Redback Conferencing Pty Ltd,Chikarovski & Associates Pty Ltd
Reed in Partnership,Reputation Pty Ltd
Regis Aged Care Pty Ltd,Macquarie Group Limited
Relationships Forum Australia,The Fifth Estate
Reliance Rail,Statecraft
Res Australia Pty Ltd,Chikarovski & Associates Pty Ltd
Resume Partners,Elthos Consulting
Riko Tinto Australia Pty Ltd (Coal and Allied),Endeavour Consulting Group Pty Ltd
Rio Tinto,Repute Communications & Associates Pty Ltd
Rio Tinto Ltd,Endeavour Consulting Group Pty Ltd
Rivcogroup,John Durst Consulting
Rivercorp Pty Ltd,Government Relations Australia Advisory Pty Ltd
Rockdale City Council,Enhance Corporate
Rose Group,FordComm Consulting Pty Ltd
Rosemount Pty Ltd,Illawarra Regional Development Group
Royal Caribbean Cruises Australia Pty Limited,FIPRA Australia
"Royal Caribbean Cruises Limited, Miami USA",FIPRA Australia
Royal Caribbean Line Australia,Richardson Coutts Pty Ltd
Royal North Shore Hospital Medical Staff Council,Sheryl Taylor Communications
Royal Rehabilitation Centre Sydney,Cato Counsel
Royal Sans Group,Herbert Geer
SAF Property Group,Repute Communications & Associates Pty Ltd
SITA Environmental Solutions,CPR Communications & Public Relations Pty Ltd
SPG Investments,Hawker Britton Group
SPM,Hawker Britton Group
STW Group,Parker & Partners Public Affairs
Sada Services Pty Ltd,Michael Brown Planning Strategies
Salesforce.com,Hawker Britton Group
Samsung Techwin,AusAccess Pty Ltd
Sandy Shores Developments Pty Ltd,Peter Anderson & Co Pty Ltd
Santos,Kreab Gavin Anderson
Scheidt & Bachmann/TMA,Hawker Britton Group
Scouts Australia,CPR Communications & Public Relations Pty Ltd
Seapower Pacific,David Utting Communications
Sebel Furniture,CPR Communications & Public Relations Pty Ltd
Secure Parking,Primary Communication
Securities and Derivatives Industry Association,CPR Communications & Public Relations Pty Ltd
Serco Group Pty Ltd,Government Relations Australia Advisory Pty Ltd
Seven Network,Endeavour Consulting Group Pty Ltd
Sharpe Brothers,MacGregor Public Relations
Shopfront Theatre,Primary Communication
Shopping Centre Council of Australia,Endeavour Consulting Group Pty Ltd
Sikorsky Aircraft Corporation,Foresight Communications
Silcar,John Connolly & Partners
SingTel Optus,Richardson Coutts Pty Ltd
SingTel Optus,CPR Communications & Public Relations Pty Ltd
Singapore Pools (Private) Limited,Government Relations Australia Advisory Pty Ltd
Slattery Auctions,FordComm Consulting Pty Ltd
Social Enterprises Sydney Working Group,Hawker Britton Group
Solarfarm,CPR Communications & Public Relations Pty Ltd
Solarsailor,Hawker Britton Group
South Australian Native Title Services Ltd,GR Solutions
Southern Cross University,CPR Communications & Public Relations Pty Ltd
Spark Solar Australia,Hawker Britton Group
Sparke Helmore Lawyers,CPR Communications & Public Relations Pty Ltd
Special Olympics Australia,Sefiani Communications Group
Speciality Fashion Group,Hawker Britton Group
Spotless,Richardson Coutts Pty Ltd
St Vincent De Paul Society NSW/ACT,FT Communications
St Vincent de Paul NSW,Scott Taylor Communication
St Vincent de Paul Society,Margaret Fisher & Associates
Standard & Poors,Edelman
Standards Australia,Salmon Communications
Standards Australia Limited,Clamshred
Stanford Land Pty Ltd,TITFA Consultancy Pty Ltd
Starfish Venture Capital,DatelineMedia Group Pty Ltd
Statewide Roads,Kreab Gavin Anderson
Stella Travel Services,Republic Consulting
Strand Estates Pty Ltd,Margaret Fisher & Associates
Sun Microsystems,AusAccess Pty Ltd
Suncorp,Jackson Wells Pty Ltd
Suncorp Life,shac Communications
SuperAlphaFund Financial Pty Ltd,OneProfile Communications Pty Ltd
Surf Life Saving NSW,Enhance Corporate
Svitzer Salvage,Repute Communications & Associates Pty Ltd
Svitzer Towage,Repute Communications & Associates Pty Ltd
Swire Shipping,Hill & Knowlton
Sydney Eisteddfod,CPR Communications & Public Relations Pty Ltd
Sydney Lifestyle Taskforce,Hawker Britton Group
Sydney Marina Contracting,CPR Communications & Public Relations Pty Ltd
Sydney Opera House,Kreab Gavin Anderson
Sydney Opera House Trust,Hawker Britton Group
Sydney Ski Dome Limited,Health Properties Project Marketing
Sydney Turf Club,CMW Media Pty Ltd
TAFE Directors Australia,Foresight Communications
TECC Ltd,AusAccess Pty Ltd
TRN Pty Ltd,Michael Brown Planning Strategies
Tabcorp,Hawker Britton Group
Tabcorp,CMW Media Pty Ltd
Talent2 International Limited,LESL Services Pty Limited
Tandou Limited,The Fifth Estate
Taxation Institute of Australia,Lighthouse Communications Group
Technical Real Estate,Endeavour Consulting Group Pty Ltd
Telstra,Hawker Britton Group
Tenix Alliance,Profile Ray & Berndtson
Tenix Group,Cox Inall Communications Pty Ltd
Tenix Group Pty Ltd,Belman Consulting Pty Ltd
Tenix Solutions,CPR Communications & Public Relations Pty Ltd
Terranora Group Management Pty Ltd,Hawker Britton Group
Thales,Bluegrass Consulting
Thales Australia,Profile Ray & Berndtson
Thales Australia,Richardson Coutts Pty Ltd
The Australian Chamber of Fruit and Vegetable Wholesalers Ltd.,John Durst Consulting
The Australian Hotels Association,Touchpoint Australia
The Australian Private Equity and Venture Capital Association,Res Publica Pty Ltd
The Benevolent Society,Cato Counsel
The Big Issue in Australia Limited,Hawker Britton Group
The Brains Trust,Lighthouse Communications Group
The Crane Group,Cato Counsel
The Finance Sector Union,Essential Media Communications
The GEO Group Australia Pty Ltd,Hawker Britton Group
The GPT Group,NeatCorp Pty Ltd
The George Institute for International Health,Hawker Britton Group
The Hackett Group,Hawker Britton Group
The Meridian International School Pty Ltd,Government Relations Australia Advisory Pty Ltd
The Murray Darling Association,David Sheil
The NSW Harness Racing Club,FT Communications
The Nuance Group,CPR Communications & Public Relations Pty Ltd
The Original Casablanca Fan Company,Sciaccas Lawyers and Consultants
The Plenary Group,Res Publica Pty Ltd
The RIV Group Pty Ltd,Government Relations Australia Advisory Pty Ltd
The Shell Company of Australia Ltd,Endeavour Consulting Group Pty Ltd
The Spastic Centre,Hawker Britton Group
The Stevens Group,Scott Taylor Communication
The Stevens Group,FT Communications
The Village Building Co.,Hawker Britton Group
The Water and Carbon Group,Government Relations Australia Advisory Pty Ltd
The Wilderness Society,Essential Media Communications
Thiess Pty Ltd,Government Relations Australia Advisory Pty Ltd
Tomago Aluminium Company Pty Ltd,Endeavour Consulting Group Pty Ltd
Toro Australia Pty Ltd,David Sheil
Toronto RSL Club,Health Properties Project Marketing
Track Australia,CPR Communications & Public Relations Pty Ltd
Transdev-TSL,Hawker Britton Group
Transnational Investments,Scott Taylor Communication
Travel Compensation Fund,Wilkinson Media
Travelscene,Republic Consulting
Tri Epsilon Group,Graham Richardson
Tri Epsilon Pty Ltd,Chikarovski & Associates Pty Ltd
Truenergy,The Agenda Group NSW
Tuggeranong Investments Pty Ltd,Herbert Geer
UNSW Global,Hawker Britton Group
Unilever Australasia,Res Publica Pty Ltd
Union Fenosa Wind Australia,CPR Communications & Public Relations Pty Ltd
Unions NSW,Essential Media Communications
Unique Global Possibilities (AUS) Pty Ltd,Hawker Britton Group
United Group Ltd,Enhance Corporate
United Services Union,Essential Media Communications
University of Canberra,Endeavour Consulting Group Pty Ltd
University of Melbourne,Forbes Shardlow Pty Ltd
University of NSW,Hawker Britton Group
University of Technology Sydney,Government Relations Australia Advisory Pty Ltd
University of Western Australia,Carney Associates
Unwired,Endeavour Consulting Group Pty Ltd
Upper Hunter Progress Association,Enhance Corporate
Upper Lachlan Shire Council,Herbert Geer
Ure Chan Group,Endeavour Consulting Group Pty Ltd
Variety Club,Enhance Corporate
Veda Advantage,Richardson Coutts Pty Ltd
Ventracor Limited,Endeavour Consulting Group Pty Ltd
Veolia,Edelman
Veolia,Parker & Partners Public Affairs
Veolia,Kreab Gavin Anderson
Veolia Environmental Services Australia Pty Ltd,The Fifth Estate
Vertel,Foresight Communications
Village Building Company,Endeavour Consulting Group Pty Ltd
Vinyl Council Australia,Enhance Corporate
Visy Pty Ltd,The Fifth Estate
"Viterra, Inc.",Edelman
Vivas Lend Lease,CPR Communications & Public Relations Pty Ltd
Volgren Australia,Hawker Britton Group
WBHO Probuild,Government Relations Australia Advisory Pty Ltd
WPP plc,Parker & Partners Public Affairs
WSN,Richardson Coutts Pty Ltd
WSN Environmental Services,Michael Brown Planning Strategies
Walker Group,Graham Richardson
Warner Brothers,Jackson Wells Pty Ltd
Warringah Gravel and Stone Supplies Pty Ltd,Herbert Geer
Waste Management Association of Australia,Parker & Partners Public Affairs
Water Services Association of Australia,CPR Communications & Public Relations Pty Ltd
Water for Rivers,Kreab Gavin Anderson
Waterbrook County Pty Ltd,Repute Communications & Associates Pty Ltd
Waterbrook Lifestyle Resorts,Repute Communications & Associates Pty Ltd
Wesley Mission,CMW Media Pty Ltd
West Side Corporation,Keating Consulting
Western Plains Resources,Herbert Geer
Westpac Banking Corporation,Endeavour Consulting Group Pty Ltd
Westpac Institutional Bank,Endeavour Consulting Group Pty Ltd
White Ribbon Foundation of Australia,CPR Communications & Public Relations Pty Ltd
Whole Earth Sweetener Company LLC,Edelman
Willmott Forests,CMW Media Pty Ltd
Willmott Forests Limited,The Fifth Estate
Willmott Timbers,The Fifth Estate
Willow Pharmaceuticals,Ogilvy PR Health
Woollahra Council,Richardson Coutts Pty Ltd
Wooyoung,Hawker Britton Group
Worley Parsons Limited,Open Door Consulting
WorleyParsons,Fowlstone Communications
Wyee Development Fund,CPR Communications & Public Relations Pty Ltd
Wyong Coal Pty Ltd,Peter Anderson & Co Pty Ltd
Wyong Shire Council,Saunders-McDermott C